Time,Ist,ARIMA,SARIMA,SARIMAX
2021-12-18 00:00:00,23807.916666666668,23442.984054924582,23674.2614735121,23677.740595759435
2021-12-18 01:00:00,23004.583333333332,22496.387078152122,22855.46660450282,22834.561684064698
2021-12-18 02:00:00,22451.083333333332,22003.7660738349,22343.691415244604,22300.98372764323
2021-12-18 03:00:00,22314.416666666668,21941.42181618684,22153.682025862352,22106.379665305947
2021-12-18 04:00:00,22535.416666666668,22243.798486389114,22522.520637467784,22471.594910416716
2021-12-18 05:00:00,23202.916666666668,22821.172633965805,23720.74385811166,23662.5381938604
2021-12-18 06:00:00,24302.666666666668,23570.27110707491,25785.86214902348,25755.725734907086
2021-12-18 07:00:00,25018.75,24388.103232731883,27084.031479035406,27028.49283738808
2021-12-18 08:00:00,24840.75,25181.50938799719,26780.238957523008,26617.859241016416
2021-12-18 09:00:00,23937.0,25875.240708012694,25965.17791878526,25725.356524657986
2021-12-18 10:00:00,22731.583333333332,26416.322978241024,25050.912183896635,24730.48096653566
2021-12-18 11:00:00,21795.5,26775.802140794483,24348.77930902861,23980.85811140071
2021-12-18 12:00:00,21172.333333333332,26947.622016940764,24035.603172121017,23642.145522254545
2021-12-18 13:00:00,21141.0,26945.49592368039,24180.602999603114,23786.730357485634
2021-12-18 14:00:00,21642.666666666668,26798.262884194966,24732.476967073708,24336.979512246628
2021-12-18 15:00:00,23123.0,26544.525590633548,25777.39136546388,25393.399371205716
2021-12-18 16:00:00,25474.0,26227.17857079865,27508.343909457173,27231.820533484348
2021-12-18 17:00:00,28197.5,25888.41677995069,29721.59797981577,29485.395192199303
2021-12-18 18:00:00,28532.25,25565.630756489387,29873.287081700157,29650.89033243683
2021-12-18 19:00:00,28277.083333333332,25288.460351806443,29453.646476767863,29237.446561391032
2021-12-18 20:00:00,27976.833333333332,25077.106742761694,28868.104101752368,28673.60590169595
2021-12-18 21:00:00,27471.833333333332,24941.86665707125,27925.918778851606,27744.22711627942
2021-12-18 22:00:00,26295.0,24883.7329693594,26303.05959746341,26130.287645195283
2021-12-18 23:00:00,24817.166666666668,24895.82680222795,24576.039683017352,24405.99941348157
2021-12-19 00:00:00,23645.166666666668,24965.38073561746,23365.633236080437,23210.10435609984
2021-12-19 01:00:00,22879.25,25075.984363871645,22528.76591188319,22363.50584174716
2021-12-19 02:00:00,22407.583333333332,25209.82441939492,22031.138872717314,21848.624561402114
2021-12-19 03:00:00,22187.0,25349.69647273515,21877.24085326367,21690.466287519695
2021-12-19 04:00:00,22258.25,25480.62465934092,22295.084392126628,22101.894731869783
2021-12-19 05:00:00,22663.0,25590.992039526474,23547.69896436167,23356.053246124255
2021-12-19 06:00:00,23492.5,25673.149121047834,25666.796174848645,25495.176463591597
2021-12-19 07:00:00,23983.0,25723.525602093105,27014.411684240746,26816.887039918798
2021-12-19 08:00:00,23795.416666666668,25742.315922996386,26752.93778532256,26466.05346660858
2021-12-19 09:00:00,23178.666666666668,25732.8402085711,25971.76912799059,25601.995196364835
2021-12-19 10:00:00,22157.166666666668,25700.697912883363,25082.70098453358,24648.111035633807
2021-12-19 11:00:00,21299.666666666668,25652.83289562618,24397.561145669606,23965.16360044247
2021-12-19 12:00:00,20897.416666666668,25596.617971678344,24094.168620967044,23645.197171494543
2021-12-19 13:00:00,20950.25,25539.047247109313,24243.021217389945,23812.17631134147
2021-12-19 14:00:00,21650.416666666668,25486.099244156296,24794.198305258928,24367.444459552673
2021-12-19 15:00:00,23353.333333333332,25442.306374697288,25835.212429526753,25429.425808266886
2021-12-19 16:00:00,25499.583333333332,25410.53984033698,27560.276855090033,27239.732993132682
2021-12-19 17:00:00,28187.416666666668,25391.99600682033,29766.681491470445,29468.21420940025
2021-12-19 18:00:00,28551.416666666668,25386.35245529931,29911.3704269648,29618.434119191657
2021-12-19 19:00:00,28447.583333333332,25392.050183681826,29485.17123167923,29180.799858219278
2021-12-19 20:00:00,28136.333333333332,25406.652983837696,28893.901342954894,28581.990585211926
2021-12-19 21:00:00,27481.916666666668,25427.235365542136,27947.033272474186,27615.03160156171
2021-12-19 22:00:00,26041.416666666668,25450.755547818535,26320.60712223559,25961.188288094447
2021-12-19 23:00:00,24338.5,25474.378687204917,24591.09928177023,24194.585575210505
2021-12-20 00:00:00,23231.583333333332,25495.72621987989,23379.172938551408,22960.48395069701
2021-12-20 01:00:00,22545.166666666668,25513.038551314727,22541.598257853533,22118.0879025499
2021-12-20 02:00:00,22183.416666666668,25525.249090960253,22043.901267271936,21640.147765075653
2021-12-20 03:00:00,22082.166666666668,25531.976821944194,21890.39524698994,21539.924305854245
2021-12-20 04:00:00,22554.583333333332,25533.45155649463,22308.930825417934,22006.730148206378
2021-12-20 05:00:00,24002.083333333332,25530.390428257786,23562.3979768626,23297.76584765267
2021-12-20 06:00:00,25973.0,25523.845994312203,25682.395804257176,25464.759257626967
2021-12-20 07:00:00,27516.583333333332,25515.04580482129,27030.875632218813,26806.109669103687
2021-12-20 08:00:00,27461.416666666668,25505.240882934613,26770.172208150983,26487.80889003287
2021-12-20 09:00:00,26568.0,25495.576795996076,25989.646339286148,25657.3376178673
2021-12-20 10:00:00,25481.583333333332,25486.996488956232,25101.079085945566,24663.399196271566
2021-12-20 11:00:00,24923.75,25480.179366209635,24416.299200490303,23994.390453564127
2021-12-20 12:00:00,25215.25,25475.516745938436,24113.137444787288,23726.59045122832
2021-12-20 13:00:00,25613.333333333332,25473.12015444145,24262.11018295229,23952.109148428794
2021-12-20 14:00:00,26570.916666666668,25472.856226295473,24813.31875880632,24626.32457885869
2021-12-20 15:00:00,26958.583333333332,25474.400342442637,25854.298412385022,25658.945096205847
2021-12-20 16:00:00,28102.083333333332,25477.300559994852,27579.283838826042,27110.127349668313
2021-12-20 17:00:00,30002.75,25481.04374879568,29785.58378982071,29244.57546239855
2021-12-20 18:00:00,30119.416666666668,25485.116959831183,29930.157863336928,29355.752338683775
2021-12-20 19:00:00,29761.0,25489.058675220385,29503.845535157056,28907.732197844663
2021-12-20 20:00:00,29079.0,25492.4964816336,28912.47263279587,28306.36792324393
2021-12-20 21:00:00,28114.75,25495.16963540384,27965.51688194772,27346.435683632048
2021-12-20 22:00:00,26263.25,25496.936750082987,26339.020914801964,25717.90024821566
2021-12-20 23:00:00,24409.916666666668,25497.770286533734,24609.46153051715,23984.57855825456
2021-12-21 00:00:00,23077.0,25497.740568488764,23397.500775457338,22773.498844875598
2021-12-21 01:00:00,22137.0,25496.99264550032,22559.906652850153,21942.942560478965
2021-12-21 02:00:00,21594.25,25495.719493515484,22062.20246685148,21446.50521040125
2021-12-21 03:00:00,21459.333333333332,25494.13483500223,21908.69858597215,21299.659766569643
2021-12-21 04:00:00,21907.75,25492.44835842982,22327.24282072102,21726.56966405506
2021-12-21 05:00:00,23084.083333333332,25490.84541952875,23580.72261586218,22995.428019248036
2021-12-21 06:00:00,25095.0,25489.472515973728,25700.734949857375,25152.828993875868
2021-12-21 07:00:00,26697.833333333332,25488.429037375852,27049.229479705024,26597.864909425694
2021-12-21 08:00:00,27208.583333333332,25487.765082520982,26788.539743261295,26519.119880419938
2021-12-21 09:00:00,26807.416666666668,25487.484563489405,26008.02576119645,25777.42801250427
2021-12-21 10:00:00,26105.666666666668,25487.552416195533,25119.468171923992,24803.337528414988
2021-12-21 11:00:00,25411.833333333332,25487.904520651333,24434.695600154086,24086.691825008875
2021-12-21 12:00:00,25055.666666666668,25488.458893239578,24131.538900847107,23768.955451236594
2021-12-21 13:00:00,25077.583333333332,25489.12682274552,24280.51468198404,23962.29467595829
2021-12-21 14:00:00,25072.416666666668,25489.822846128027,24831.72462007842,24551.32018829276
2021-12-21 15:00:00,25977.166666666668,25490.472757708074,25872.704325352828,25532.004719061795
2021-12-21 16:00:00,27399.833333333332,25491.019174761142,27597.688860922506,27056.872639075176
2021-12-21 17:00:00,29470.25,25491.42450529709,29803.98731598763,29227.500545559455
2021-12-21 18:00:00,29677.5,25491.671448897414,29948.55957771093,29365.71978622556
2021-12-21 19:00:00,29283.5,25491.761386562375,29522.245353768867,28924.431735232843
2021-12-21 20:00:00,28755.75,25491.711167972888,28930.87064433217,28336.73510516621
2021-12-21 21:00:00,27838.916666666668,25491.54888110768,27983.91329177582,27362.62455711235
2021-12-21 22:00:00,26221.75,25491.30919461843,26357.415995725154,25695.076389767808
2021-12-21 23:00:00,24430.083333333332,25491.028808905856,24627.85558221578,23933.67617189734
2021-12-22 00:00:00,23121.75,25490.742452764705,23415.894093333845,22693.132756107836
2021-12-22 01:00:00,22203.916666666668,25490.47973602295,22578.299506054136,21809.968465950096
2021-12-22 02:00:00,21616.0,25490.263031934934,22080.59508460387,21256.49443724845
2021-12-22 03:00:00,21392.916666666668,25490.10643154493,21927.091150906068,21070.06927885332
2021-12-22 04:00:00,21847.833333333332,25490.01569812385,22345.635467770226,21459.86716161582
2021-12-22 05:00:00,23134.75,25489.989061637232,23599.11543520949,22692.624117312207
2021-12-22 06:00:00,24996.083333333332,25490.018635564604,25719.127992559086,24839.651596098207
2021-12-22 07:00:00,26236.916666666668,25490.09221200042,27067.622764790132,26274.416739467055
2021-12-22 08:00:00,26399.5,25490.195193319876,26806.93326532958,26120.83620523698
2021-12-22 09:00:00,25992.083333333332,25490.31244482334,26026.41949777733,25407.05154550444
2021-12-22 10:00:00,25450.666666666668,25490.429896155252,25137.862090086386,24496.221298889835
2021-12-22 11:00:00,25232.166666666668,25490.535772750627,24453.089662061055,23836.8389582282
2021-12-22 12:00:00,25470.5,25490.621395092607,24149.933068118746,23551.652934661983
2021-12-22 13:00:00,25798.083333333332,25490.681537010623,24298.90891886448,23754.645263955364
2021-12-22 14:00:00,26275.916666666668,25490.714379775105,24850.11889549776,24319.308886970808
2021-12-22 15:00:00,26710.916666666668,25490.721133103692,25891.098614035924,25275.990487903655
2021-12-22 16:00:00,27535.166666666668,25490.705415788514,27616.083143728072,26689.239829969512
2021-12-22 17:00:00,29188.666666666668,25490.672497426294,29822.38157966958,28786.66869880263
2021-12-22 18:00:00,29105.666666666668,25490.628499916333,29966.953814284676,28868.93149375845
2021-12-22 19:00:00,28560.416666666668,25490.579645174654,29540.63955964449,28383.33517041281
2021-12-22 20:00:00,27862.833333333332,25490.5316166643,28949.264819348682,27738.949045112982
2021-12-22 21:00:00,26876.666666666668,25490.489079837516,28002.307438240397,26748.264842229055
2021-12-22 22:00:00,25226.583333333332,25490.45538327701,26375.810117531364,25088.12096465351
2021-12-22 23:00:00,23475.25,25490.432440673037,24646.249684087594,23332.572499609603
2021-12-23 00:00:00,22156.166666666668,25490.420775672264,23434.288180219064,22096.888293838856
2021-12-23 01:00:00,21209.5,25490.419698308666,22596.693582672444,21226.136017857683
2021-12-23 02:00:00,20575.416666666668,25490.42757372208,22098.9891551411,20689.616887876
2021-12-23 03:00:00,20363.666666666668,25490.44214111139,21945.485218837148,20517.083507897416
2021-12-23 04:00:00,20689.0,25490.460842768494,22364.02953578821,20930.051592579683
2021-12-23 05:00:00,21725.0,25490.481128640233,23617.509505236118,22204.74326516371
2021-12-23 06:00:00,23308.916666666668,25490.500709998756,25737.522065812864,24368.19491201701
2021-12-23 07:00:00,24493.0,25490.51774523676,27086.01684189033,25829.425461436662
2021-12-23 08:00:00,25176.666666666668,25490.53095038474,26825.32734641773,25791.414678562112
2021-12-23 09:00:00,25998.416666666668,25490.5396356914,26044.81358264172,25177.060719177676
2021-12-23 10:00:00,26455.583333333332,25490.54367677917,25156.25617827897,24376.664954569147
2021-12-23 11:00:00,26834.25,25490.543434026345,24471.483752999706,23769.44843657848
2021-12-23 12:00:00,26734.583333333332,25490.539636756377,24168.327161171033,23508.30246252812
2021-12-23 13:00:00,26448.333333333332,25490.53324960421,24317.30301341158,23684.445342763524
2021-12-23 14:00:00,26246.25,25490.525337352476,24868.51299097917,24243.376293695976
2021-12-23 15:00:00,26427.583333333332,25490.51694200177,25909.492709976916,25181.325964507832
2021-12-23 16:00:00,27112.833333333332,25490.50898235084,27634.47723975261,26582.207607154738
2021-12-23 17:00:00,28673.583333333332,25490.502182420914,29840.77567550181,28701.204466699903
2021-12-23 18:00:00,28589.0,25490.497031132323,29985.34790974215,28795.92286148325
2021-12-23 19:00:00,28024.416666666668,25490.4937721209,29559.03365462598,28316.027572639927
2021-12-23 20:00:00,27415.083333333332,25490.492419751685,28967.658913819054,27696.138507529562
2021-12-23 21:00:00,26580.333333333332,25490.49279541735,28020.701532214618,26720.714736919075
2021-12-23 22:00:00,25200.333333333332,25490.494577154008,26394.2042110591,25095.218288662836
2021-12-23 23:00:00,23502.166666666668,25490.497355422427,24664.643777239457,23357.832464199153
2021-12-24 00:00:00,22113.833333333332,25490.5006884635,23452.68227307513,22124.129960127357
2021-12-24 01:00:00,21129.083333333332,25490.50415176404,22615.087675313283,21257.889655082243
2021-12-24 02:00:00,20432.833333333332,25490.507377657188,22117.38324764129,20738.183111582424
2021-12-24 03:00:00,20079.583333333332,25490.51008272224,21963.879311261153,20589.251495457553
2021-12-24 04:00:00,20104.166666666668,25490.512082252735,22382.42362818817,21016.19335831514
2021-12-24 05:00:00,20542.25,25490.513292474778,23635.903597651253,22313.710460948518
2021-12-24 06:00:00,21473.0,25490.51372231001,25755.916158270076,24485.992055142327
2021-12-24 07:00:00,22314.5,25490.513457227415,27104.410934405583,25982.445408887033
2021-12-24 08:00:00,22398.25,25490.512638100405,26843.721438997887,25940.596061127908
2021-12-24 09:00:00,21781.0,25490.511438004894,26063.207675286612,25209.58616679177
2021-12-24 10:00:00,21279.166666666668,25490.51003961676,25174.650270983388,24406.99782967444
2021-12-24 11:00:00,20480.583333333332,25490.508615369625,24489.87784575526,23760.113231332674
2021-12-24 12:00:00,20183.166666666668,25490.507311902278,24186.721253967688,23491.40684351937
2021-12-24 13:00:00,20392.583333333332,25490.50623964457,24335.697106238917,23599.32701050096
2021-12-24 14:00:00,21267.25,25490.505467737097,24886.907083827336,24154.038623375825
2021-12-24 15:00:00,22509.166666666668,25490.50502391479,25927.88680283721,25150.288602053486
2021-12-24 16:00:00,24224.583333333332,25490.504898548963,27652.87133261785,26768.313523804234
2021-12-24 17:00:00,26198.083333333332,25490.505051759395,29859.169768366468,28951.09458191155
2021-12-24 18:00:00,25848.5,25490.505422380116,30003.74200260231,29137.14326019227
2021-12-24 19:00:00,25237.583333333332,25490.50593757752,29577.42774747919,28791.853363524286
2021-12-24 20:00:00,24741.75,25490.506522051895,28986.053006664104,28266.988468630516
2021-12-24 21:00:00,24274.666666666668,25490.507105971068,28039.095625051286,27339.55147155162
2021-12-24 22:00:00,23363.25,25490.507631051685,26412.59830388788,25704.55657240193
2021-12-24 23:00:00,22204.916666666668,25490.508054485075,24683.03787006133,23950.074179795385
2021-12-25 00:00:00,21267.833333333332,25490.508350669956,23471.076365891327,22724.504865988845
2021-12-25 01:00:00,20513.583333333332,25490.508510939737,22633.48176812514,21866.889359718225
2021-12-25 02:00:00,19907.166666666668,25490.508541641724,22135.77734045011,21375.854541193312
2021-12-25 03:00:00,19576.25,25490.50846103152,21982.273404068095,21249.89561181576
2021-12-25 04:00:00,19477.25,25490.508295488075,22400.817720994222,21675.391308323356
2021-12-25 05:00:00,19639.0,25490.508075539587,23654.29769045718,22924.92385396648
2021-12-25 06:00:00,20316.75,25490.507832128675,25774.310251076447,25084.702749512242
2021-12-25 07:00:00,20789.333333333332,25490.507593450828,27122.805027212766,26525.877799331403
2021-12-25 08:00:00,20957.0,25490.507382587813,26862.115531806085,26315.858767222748
2021-12-25 09:00:00,21035.833333333332,25490.507216041828,26081.601768095883,25552.742340536563
2021-12-25 10:00:00,21248.25,25490.507103168657,25193.044363793702,24636.135184831892
2021-12-25 11:00:00,21136.833333333332,25490.50704641856,24508.2719385665,23979.99080836432
2021-12-25 12:00:00,21190.5,25490.507042227866,24205.115346779705,23702.408023645046
2021-12-25 13:00:00,21240.75,25490.507082365042,24354.091199051538,23901.011533214743
2021-12-25 14:00:00,21707.583333333332,25490.507155521856,24905.301176640394,24518.116375801463
2021-12-25 15:00:00,22608.0,25490.507248950245,25946.280895650554,25513.86446915393
2021-12-25 16:00:00,23811.916666666668,25490.507349973726,27671.265425431346,27054.793661390067
2021-12-25 17:00:00,25298.416666666668,25490.50744724289,29877.563861180006,29217.957549151197
2021-12-25 18:00:00,25178.833333333332,25490.507531651583,30022.136095415808,29331.919952967462
2021-12-25 19:00:00,24858.666666666668,25490.507596878062,29595.821840292596,28862.273634441608
2021-12-25 20:00:00,24644.166666666668,25490.5076395587,29004.447099477387,28236.37896873827
2021-12-25 21:00:00,24284.333333333332,25490.50765913739,28057.489717864428,27226.092603120607
2021-12-25 22:00:00,23387.666666666668,25490.50765745908,26430.99239670089,25549.754445203504
2021-12-25 23:00:00,22252.5,25490.50763819012,24701.43196287421,23750.401767635332
2021-12-26 00:00:00,21111.166666666668,25490.507606152,23489.470458704105,22492.02467147509
2021-12-26 01:00:00,20208.5,25490.5075666492,22651.875860937835,21651.89393841332
2021-12-26 02:00:00,19700.583333333332,25490.50752485941,22154.17143326274,21155.63069645275
2021-12-26 03:00:00,19487.75,25490.507485336784,22000.66749688068,21040.864051362252
2021-12-26 04:00:00,19583.666666666668,25490.507451659276,22419.21181380678,21519.460199725403
2021-12-26 05:00:00,20069.5,25490.50742623163,23672.691783269733,22844.614710799768
2021-12-26 06:00:00,20932.666666666668,25490.50741023806,25792.704343889007,25058.990649980136
2021-12-26 07:00:00,21284.333333333332,25490.507403724747,27141.199120025332,26509.842857401924
2021-12-26 08:00:00,20843.083333333332,25490.507405782522,26880.509624618662,26297.838637687066
2021-12-26 09:00:00,20239.25,25490.507414795,26099.995860908486,25562.967134255647
2021-12-26 10:00:00,19852.833333333332,25490.507428716555,25211.438456606316,24748.0726534272
2021-12-26 11:00:00,19719.0,25490.507445347484,24526.666031379133,24131.654767054337
2021-12-26 12:00:00,19869.75,25490.507462579262,24223.509439592348,23902.09593419028
2021-12-26 13:00:00,20095.666666666668,25490.507478590327,24372.485291864195,24121.198559881872
2021-12-26 14:00:00,20720.583333333332,25490.507491980956,24923.695269453063,24631.149776384274
2021-12-26 15:00:00,22098.5,25490.50750184376,25964.674988463234,25582.971277097167
2021-12-26 16:00:00,24014.5,25490.50750777338,27689.65951824403,27288.967197042628
2021-12-26 17:00:00,26574.583333333332,25490.507509824372,29895.957953992685,29499.384833704702
2021-12-26 18:00:00,27043.916666666668,25490.507508430055,30040.530188228495,29592.688918713568
2021-12-26 19:00:00,26812.416666666668,25490.50750429687,29614.21593310528,29124.593668667258
2021-12-26 20:00:00,26314.916666666668,25490.50749828879,29022.841192290074,28507.947112981958
2021-12-26 21:00:00,25611.833333333332,25490.507491315024,28075.88381067711,27545.165241857478
2021-12-26 22:00:00,24266.5,25490.50748423168,26449.386489513563,25911.26163593488
2021-12-26 23:00:00,22716.333333333332,25490.50747776492,24719.826055686885,24166.75588353503
2021-12-27 00:00:00,21527.833333333332,25490.50747245975,23507.86455151678,22935.50240525313
2021-12-27 01:00:00,20830.5,25490.50746865535,22670.269953750514,22070.72804114889
2021-12-27 02:00:00,20450.25,25490.507466485044,22172.565526075414,21541.53801146798
2021-12-27 03:00:00,20330.333333333332,25490.50746589685,22019.06158969336,21373.26691854791
2021-12-27 04:00:00,20729.083333333332,25490.50746668918,22437.605906619458,21787.581985311885
2021-12-27 05:00:00,21827.0,25490.507468555614,23691.08587608241,23052.046898882156
2021-12-27 06:00:00,23485.333333333332,25490.507471132776,25811.098436701675,25210.33800838149
2021-12-27 07:00:00,24690.166666666668,25490.507474046055,27159.593212838005,26648.54196663281
2021-12-27 08:00:00,25028.75,25490.50747694889,26898.903717431334,26533.783572735596
2021-12-27 09:00:00,24602.666666666668,25490.507479552798,26118.389953721155,25818.407695745485
2021-12-27 10:00:00,24066.0,25490.507481646666,25229.83254941899,24919.89332572953
2021-12-27 11:00:00,23903.5,25490.507483105113,24545.060124191805,24222.81836952424
2021-12-27 12:00:00,24137.333333333332,25490.50748388692,24241.90353240502,23854.75215660855
2021-12-27 13:00:00,24355.5,25490.50748402529,24390.87938467687,24020.364097770078
2021-12-27 14:00:00,24976.666666666668,25490.50748361229,24942.08936226574,24627.541312551337
2021-12-27 15:00:00,25828.833333333332,25490.50748277996,25983.069081275906,25586.92292785389
2021-12-27 16:00:00,27210.916666666668,25490.50748168052,27708.0536110567,27135.191979405965
2021-12-27 17:00:00,29170.083333333332,25490.507480467848,29914.35204680536,29305.70238192339
2021-12-27 18:00:00,29276.25,25490.507479281805,30058.924281041167,29430.028664940117
2021-12-27 19:00:00,28812.0,25490.50747823658,29632.61002591795,28981.722607068103
2021-12-27 20:00:00,28085.916666666668,25490.507477413492,29041.235285102743,28385.718654624234
2021-12-27 21:00:00,27076.75,25490.507476858264,28094.277903489783,27429.846754089784
2021-12-27 22:00:00,25465.583333333332,25490.507476582312,26467.78058232624,25812.810773798043
2021-12-27 23:00:00,23734.333333333332,25490.50747656726,24738.22014849956,24096.05024345419
2021-12-28 00:00:00,22509.25,25490.50747677168,23526.258644329457,22879.61741444443
2021-12-28 01:00:00,21642.5,25490.507477139006,22688.664046563183,22047.620867502297
2021-12-28 02:00:00,21076.583333333332,25490.507477605708,22190.959618888086,21559.641825633393
2021-12-28 03:00:00,21017.5,25490.50747810877,22037.455682506028,21439.887976237536
2021-12-28 04:00:00,21449.25,25490.50747859192,22455.999999432126,21869.48902941007
2021-12-28 05:00:00,22488.333333333332,25490.507479010135,23709.47996889508,23154.242314108385
2021-12-28 06:00:00,24222.416666666668,25490.50747933229,25829.492529514348,25292.857724883284
2021-12-28 07:00:00,25385.5,25490.50747954199,27177.987305650677,26705.04685551714
2021-12-28 08:00:00,25573.333333333332,25490.50747963678,26917.297810244007,26525.45760151053
2021-12-28 09:00:00,25249.666666666668,25490.507479626096,26136.784046533827,25784.839664232128
2021-12-28 10:00:00,24805.583333333332,25490.507479528365,25248.22664223166,24865.963050732476
2021-12-28 11:00:00,24597.25,25490.507479367687,24563.454217004477,24191.931697286436
2021-12-28 12:00:00,24466.583333333332,25490.507479170483,24260.297625217692,23908.885012527066
2021-12-28 13:00:00,24687.583333333332,25490.507478962478,24409.273477489543,24084.578771370358
2021-12-28 14:00:00,25253.166666666668,25490.507478766245,24960.48345507841,24611.195513265655
2021-12-28 15:00:00,26073.916666666668,25490.507478599466,26001.463174088578,25588.12917089988
2021-12-28 16:00:00,27352.0,25490.507478473963,27726.447703869373,27187.06852164432
2021-12-28 17:00:00,29438.666666666668,25490.50747839549,29932.746139618033,29367.72034740171
2021-12-28 18:00:00,29659.166666666668,25490.507478364154,30077.31837385384,29492.98388346803
2021-12-28 19:00:00,29076.083333333332,25490.507478375326,29651.004118730623,29055.480318567883
2021-12-28 20:00:00,28391.416666666668,25490.507478420895,29059.629377915415,28479.81509040177
2021-12-28 21:00:00,27388.083333333332,25490.507478490646,28112.671996302455,27528.817820780194
2021-12-28 22:00:00,25798.5,25490.507478573625,26486.17467513891,25909.705809090294
2021-12-28 23:00:00,24094.166666666668,25490.507478659358,24756.614241312232,24180.630109330268
2021-12-29 00:00:00,22827.416666666668,25490.507478738822,23544.65273714213,22970.786506692697
2021-12-29 01:00:00,21943.666666666668,25490.507478805102,22707.058139375855,22123.581657069266
2021-12-29 02:00:00,21392.583333333332,25490.507478853746,22209.353711700758,21621.75933811708
2021-12-29 03:00:00,21204.666666666668,25490.50747888279,22055.8497753187,21479.978291948486
2021-12-29 04:00:00,21550.5,25490.50747889256,22474.3940922448,21891.97155382898
2021-12-29 05:00:00,22614.833333333332,25490.507478885247,23727.874061707753,23153.590608471815
2021-12-29 06:00:00,24256.166666666668,25490.507478864398,25847.88662232702,25302.90653675129
2021-12-29 07:00:00,25341.083333333332,25490.507478834323,27196.38139846335,26685.03393989592
2021-12-29 08:00:00,25753.416666666668,25490.507478799547,26935.69190305668,26489.102689394127
2021-12-29 09:00:00,25783.0,25490.50747876432,26155.1781393465,25700.52176929301
2021-12-29 10:00:00,25528.416666666668,25490.50747873224,25266.620735044333,24760.83261821074
2021-12-29 11:00:00,25702.0,25490.507478705993,24581.84830981715,24113.867344548587
2021-12-29 12:00:00,26151.583333333332,25490.507478687246,24278.691718030364,23814.788681155813
2021-12-29 13:00:00,26495.916666666668,25490.507478676638,24427.667570302216,23994.391470452472
2021-12-29 14:00:00,26728.916666666668,25490.507478673888,24978.877547891083,24565.340947171666
2021-12-29 15:00:00,27094.333333333332,25490.50747867798,26019.85726690125,25519.588316719473
2021-12-29 16:00:00,28062.833333333332,25490.507478687377,27744.841796682045,27058.007085397163
2021-12-29 17:00:00,29758.25,25490.507478700267,29951.140232430706,29211.311384017186
2021-12-29 18:00:00,29739.166666666668,25490.507478714786,30095.71246666651,29337.597515817684
2021-12-29 19:00:00,29051.75,25490.507478729214,29669.398211543295,28876.986615957216
2021-12-29 20:00:00,28269.0,25490.507478742125,29078.023470728087,28272.58565829347
2021-12-29 21:00:00,27235.666666666668,25490.50747875248,28131.066089115127,27277.150902356312
2021-12-29 22:00:00,25628.833333333332,25490.50747875966,26504.568767951583,25617.78201880358
2021-12-29 23:00:00,23854.916666666668,25490.507478763473,24775.008334124905,23878.46667630507
2021-12-30 00:00:00,22534.083333333332,25490.50747876409,23563.0468299548,22673.357485864668
2021-12-30 01:00:00,21638.083333333332,25490.507478761978,22725.452232188527,21833.447829807694
2021-12-30 02:00:00,21045.5,25490.507478757794,22227.74780451343,21337.487793451393
2021-12-30 03:00:00,20852.583333333332,25490.5074787523,22074.243868131372,21189.577092603613
2021-12-30 04:00:00,21195.333333333332,25490.507478746258,22492.78818505747,21611.55858818634
2021-12-30 05:00:00,22168.5,25490.507478740365,23746.268154520425,22882.52099497951
2021-12-30 06:00:00,23775.5,25490.507478735184,25866.280715139692,25048.792125901986
2021-12-30 07:00:00,24917.083333333332,25490.507478731117,27214.77549127602,26490.88328352495
2021-12-30 08:00:00,25353.25,25490.507478728385,26954.08599586935,26375.287725235736
2021-12-30 09:00:00,24953.5,25490.507478727042,26173.57223215917,25581.725134123943
2021-12-30 10:00:00,24319.833333333332,25490.507478726995,25285.014827857005,24608.407977719868
2021-12-30 11:00:00,23859.5,25490.507478728035,24600.24240262982,23872.769521480644
2021-12-30 12:00:00,23535.5,25490.50747872988,24297.085810843037,23556.553631180173
2021-12-30 13:00:00,23526.5,25490.507478732212,24446.061663114888,23706.891887493024
2021-12-30 14:00:00,23826.583333333332,25490.50747873472,24997.271640703755,24219.48539005718
2021-12-30 15:00:00,24596.416666666668,25490.50747873712,26038.251359713922,25185.66464432085
2021-12-30 16:00:00,26216.666666666668,25490.507478739193,27763.235889494717,26732.070451119824
2021-12-30 17:00:00,28343.666666666668,25490.507478740783,29969.534325243378,28915.998593542176
2021-12-30 18:00:00,28493.25,25490.507478741813,30114.106559479183,29060.765764320095
2021-12-30 19:00:00,27994.083333333332,25490.50747874227,29687.792304355968,28644.90685909435
2021-12-30 20:00:00,27371.166666666668,25490.507478742205,29096.41756354076,28085.859031948454
2021-12-30 21:00:00,26466.833333333332,25490.50747874171,28149.4601819278,27148.289502896136
2021-12-30 22:00:00,25035.083333333332,25490.507478740907,26522.962860764255,25536.707366438295
2021-12-30 23:00:00,23414.583333333332,25490.50747873992,24793.402426937577,23825.869915384435
2021-12-31 00:00:00,22189.75,25490.507478738884,23581.440922767473,22625.587154004097
2021-12-31 01:00:00,21267.833333333332,25490.50747873791,22743.8463250012,21766.44885332215
2021-12-31 02:00:00,20652.166666666668,25490.507478737083,22246.141897326102,21232.32528085424
2021-12-31 03:00:00,20351.333333333332,25490.507478736465,22092.637960944045,21042.731823102295
2021-12-31 04:00:00,20613.5,25490.50747873608,22511.182277870143,21478.2705666737
2021-12-31 05:00:00,21261.166666666668,25490.50747873593,23764.662247333097,22720.87379609934
2021-12-31 06:00:00,22332.833333333332,25490.50747873599,25884.674807952364,24846.837030412917
2021-12-31 07:00:00,22937.833333333332,25490.50747873622,27233.169584088693,26290.195813561644
2021-12-31 08:00:00,22900.25,25490.50747873657,26972.480088682023,26109.351716354005
2021-12-31 09:00:00,22339.25,25490.507478736985,26191.966324971843,25311.152447502016
2021-12-31 10:00:00,21526.25,25490.50747873741,25303.408920669677,24348.384837805967
2021-12-31 11:00:00,20952.916666666668,25490.507478737803,24618.636495442493,23585.13347227956
2021-12-31 12:00:00,20800.833333333332,25490.50747873813,24315.47990365571,23214.271976890974
2021-12-31 13:00:00,20877.916666666668,25490.50747873837,24464.45575592756,23351.338070562495
2021-12-31 14:00:00,21309.333333333332,25490.507478738513,25015.665733516427,23895.58906721465
2021-12-31 15:00:00,22367.166666666668,25490.50747873856,26056.645452526594,24955.832666852988
2021-12-31 16:00:00,24284.333333333332,25490.50747873852,27781.62998230739,26539.38749234438
2021-12-31 17:00:00,26874.25,25490.507478738415,29987.92841805605,28789.552504894502
2021-12-31 18:00:00,27113.916666666668,25490.507478738265,30132.500652291856,28956.429260638623
2021-12-31 19:00:00,26447.333333333332,25490.50747873809,29706.18639716864,28542.779171600476
2021-12-31 20:00:00,25743.083333333332,25490.507478737916,29114.81165635343,27962.107320662526
2021-12-31 21:00:00,25009.25,25490.507478737756,28167.85427474047,27010.732784337964
2021-12-31 22:00:00,24060.25,25490.507478737625,26541.356953576927,25386.100584712603
2021-12-31 23:00:00,23071.916666666668,25490.507478737534,24811.79651975025,23662.44978314041
